{
	"class_name" : "PinholeCameraParameters",
	"extrinsic" : 
	[
		1.0,
		-0.0,
		-0.0,
		0.0,
		0.0,
		-1.0,
		-0.0,
		0.0,
		0.0,
		-0.0,
		-1.0,
		0.0,
		-2559.0,
		3810.0,
		6300.7452231962598,
		1.0
	],
	"intrinsic" : 
	{
		"height" : 512,
		"intrinsic_matrix" : 
		[
			443.40500673763262,
			0.0,
			0.0,
			0.0,
			443.40500673763262,
			0.0,
			306.5,
			255.5,
			1.0
		],
		"width" : 614
	},
	"version_major" : 1,
	"version_minor" : 0
}