{
	"class_name" : "PinholeCameraParameters",
	"extrinsic" : 
	[
		0.012220016961300205,
		-0.091443643453707008,
		0.99573527167484477,
		0.0,
		-0.99992466980956163,
		2.9208652331317187e-05,
		0.012274113128610643,
		0.0,
		-0.001151473710007516,
		-0.99581025261781986,
		-0.091436398056404342,
		0.0,
		4118.1625230288328,
		460.86210234293759,
		-1614.598286998315,
		1.0
	],
	"intrinsic" : 
	{
		"height" : 512,
		"intrinsic_matrix" : 
		[
			443.40500673763262,
			0.0,
			0.0,
			0.0,
			443.40500673763262,
			0.0,
			306.5,
			255.5,
			1.0
		],
		"width" : 614
	},
	"version_major" : 1,
	"version_minor" : 0
}