{
	"class_name" : "PinholeCameraParameters",
	"extrinsic" : 
	[
		0.99009678972247694,
		-0.048523793004217247,
		-0.13173377886377247,
		0.0,
		0.1222055742539796,
		-0.16394153582444371,
		0.97887127368861826,
		0.0,
		-0.069095185089125488,
		-0.98527590772534712,
		-0.15638811033289252,
		0.0,
		-2627.2602951198382,
		941.89904372652165,
		-3249.5869318795972,
		1.0
	],
	"intrinsic" : 
	{
		"height" : 512,
		"intrinsic_matrix" : 
		[
			443.40500673763262,
			0.0,
			0.0,
			0.0,
			443.40500673763262,
			0.0,
			306.5,
			255.5,
			1.0
		],
		"width" : 614
	},
	"version_major" : 1,
	"version_minor" : 0
}