{
	"class_name" : "PinholeCameraParameters",
	"extrinsic" : 
	[
		1.0,
		-0.0,
		-0.0,
		0.0,
		0.0,
		-1.0,
		-0.0,
		0.0,
		0.0,
		-0.0,
		-1.0,
		0.0,
		-2559.0,
		3810.0,
		4705.1107372315055,
		1.0
	],
	"intrinsic" : 
	{
		"height" : 730,
		"intrinsic_matrix" : 
		[
			632.19854476264027,
			0.0,
			0.0,
			0.0,
			632.19854476264027,
			0.0,
			413.0,
			364.5,
			1.0
		],
		"width" : 827
	},
	"version_major" : 1,
	"version_minor" : 0
}