{
	"class_name" : "PinholeCameraParameters",
	"extrinsic" : 
	[
		0.99990408820242305,
		-0.0028653041314430049,
		0.013550071155359583,
		0.0,
		-0.013735772152915013,
		-0.079927735026126961,
		0.99670601770881095,
		0.0,
		-0.0017728393734844135,
		-0.99679654253304251,
		-0.07995942617808266,
		0.0,
		-1726.6140770660149,
		558.86675330743697,
		-3661.4214626938315,
		1.0
	],
	"intrinsic" : 
	{
		"height" : 512,
		"intrinsic_matrix" : 
		[
			443.40500673763262,
			0.0,
			0.0,
			0.0,
			443.40500673763262,
			0.0,
			306.5,
			255.5,
			1.0
		],
		"width" : 614
	},
	"version_major" : 1,
	"version_minor" : 0
}