{
	"class_name" : "PinholeCameraParameters",
	"extrinsic" : 
	[
		-0.15920092358356105,
		0.061369600319351174,
		0.98533691602760132,
		0.0,
		-0.98723975900070182,
		-0.0062900573528377121,
		-0.15911660324031002,
		0.0,
		-0.003567096631348755,
		-0.9980952897069203,
		0.061587892369210979,
		0.0,
		4979.0959390940261,
		124.89326768229748,
		-837.29569384178228,
		1.0
	],
	"intrinsic" : 
	{
		"height" : 512,
		"intrinsic_matrix" : 
		[
			443.40500673763262,
			0.0,
			0.0,
			0.0,
			443.40500673763262,
			0.0,
			306.5,
			255.5,
			1.0
		],
		"width" : 614
	},
	"version_major" : 1,
	"version_minor" : 0
}