{
	"class_name" : "PinholeCameraParameters",
	"extrinsic" : 
	[
		-0.97888709669337493,
		-0.016243545702809292,
		0.20375524324594982,
		0.0,
		-0.20440059620191298,
		0.081055452763570915,
		-0.97552570947648287,
		0.0,
		-0.00066947704810527478,
		-0.99657722269791682,
		-0.082664327252986169,
		0.0,
		2849.4342553490665,
		-77.386995564428844,
		4278.3629824399632,
		1.0
	],
	"intrinsic" : 
	{
		"height" : 512,
		"intrinsic_matrix" : 
		[
			443.40500673763262,
			0.0,
			0.0,
			0.0,
			443.40500673763262,
			0.0,
			306.5,
			255.5,
			1.0
		],
		"width" : 614
	},
	"version_major" : 1,
	"version_minor" : 0
}