{
	"class_name" : "PinholeCameraParameters",
	"extrinsic" : 
	[
		-0.15713543781273631,
		0.17134129088442482,
		-0.97259992608546852,
		0.0,
		0.98742092586406349,
		0.0097464771635255663,
		-0.15781293150010478,
		0.0,
		-0.017560448432644586,
		-0.98516352359441317,
		-0.17071749304006498,
		0.0,
		-3770.9623469109874,
		-84.119122990380674,
		2938.8107552253291,
		1.0
	],
	"intrinsic" : 
	{
		"height" : 512,
		"intrinsic_matrix" : 
		[
			443.40500673763262,
			0.0,
			0.0,
			0.0,
			443.40500673763262,
			0.0,
			306.5,
			255.5,
			1.0
		],
		"width" : 614
	},
	"version_major" : 1,
	"version_minor" : 0
}